ID;LINK_DRIVE
MWG;
MBM;
MML;
MMZ;
MAM;
MAE;
MDO;
MVZ;
MCW;
MST;
MNC;
MOT;
MSF;
MPP;
MBP;
MCT;
MDV;
MPA;
MSN;
MUN;
MCB;
MPF;
MTC;
MPAT;
MLA;
MNA;
MNQ;
MWN;
MAN;
MMH;
MAR;
MCR;
MNI;
MMVP;
MPO;
MSM;
MLU;
MCS;
MGC;
MSJ;
MTA;
MWS;
MEP;
MLE;
MCM;
MIVP;
MCC;
MWC;
MCH;
MCA;
AFA;
MAA;
MOC;
MPD;
MMA;
MTR;
MLT;
MBO;
MLO;
MPL;
MBB;
MQM;
MAU;
MVA;
MLP;
MDB;
MSB;
MLZ;
MPIL;
MLC;
MLAA;
MAC;
MVC;
MDI;
MC9;
MCO;
MF2;
MGP;
MPT;
MRM;
MCG;
MCL;
MRC;
MCP;
MCV;
MSC;
MJC;
MMP;
MAT;
MAB;
MAP;
MCJ;
MJS;
MPB;
MPC;
MT1;
MMC;
MT2;